<config xmlns="urn:ietf:params:xml:ns:netconf:base:1.0">
  <interfaces xmlns="urn:ietf:params:xml:ns:yang:ietf-interfaces">
	<interface>
	  <name>{int_name}</name>
	  <description>{int_desc}</description>
	  <type xmlns:ianaift="urn:ietf:params:xml:ns:yang:iana-if-type">ianaift:ethernetCsmacd</type>
	  <enabled>true</enabled>
	  <ipv4 xmlns="urn:ietf:params:xml:ns:yang:ietf-ip">
		<address>
		  <ip>{ip_address}</ip>
		  <netmask>{subnet_mask}</netmask>
		</address>
	  </ipv4>
	</interface>
  </interfaces>
</config>
