{
  "ins_api": {
    "type": "cli_show",
    "version": "1.0",
    "sid": "eoc",
    "outputs": {
      "output": {
        "input": "show ip int bri vrf management",
        "msg": "Success",
        "code": "200",
        "body": {
          "TABLE_intf": {
            "ROW_intf": {
              "intf-name": "mgmt0",
              "prefix": "10.10.20.58",
              "ip-disabled": "FALSE",
              "iod": 2,
              "proto-state": "up",
              "link-state": "up",
              "admin-state": "up"
            }
          },
          "TABLE_vrf": {
            "ROW_vrf": {
              "vrf-name-out": "management"
            }
          }
        }
      }
    }
  }
}
