{
	"id": "e04b4d61-d124-436f-8b30-e9e68e53bb06",
	"name": "DevNet Cisco DNA Center Always On 2",
	"values": [
		{
			"key": "dnac",
			"value": "sandboxdnac2.cisco.com",
			"enabled": true
		},
		{
			"key": "username",
			"value": "devnetuser",
			"enabled": true
		},
		{
			"key": "password",
			"value": "Cisco123!",
			"enabled": true
		},
		{
			"key": "token",
			"value": "",
			"enabled": true
		},
		{
			"key": "port",
			"value": "443",
			"enabled": true
		},
		{
			"key": "deviceId",
			"value": "",
			"enabled": true
		},
		{
			"key": "tagId",
			"value": "",
			"enabled": true
		},
		{
			"key": "taskId",
			"value": "",
			"enabled": true
		},
		{
			"key": "pathId",
			"value": "",
			"enabled": true
		},
		{
			"key": "GLOBALtime",
			"value": "",
			"enabled": true
		},
		{
			"key": "CLIENTtime",
			"value": "",
			"enabled": true
		},
		{
			"key": "host_id",
			"value": "",
			"enabled": true
		},
		{
			"key": "network_device_id",
			"value": "",
			"enabled": true
		},
		{
			"key": "network_device_hostname",
			"value": "leaf2.abc.inc",
			"enabled": true
		},
		{
			"key": "network_device_ip_address",
			"value": "10.10.20.82",
			"enabled": true
		},
		{
			"key": "network_device_serial",
			"value": "FCW2214L0UZ",
			"enabled": true
		},
		{
			"key": "network_device_interface_name",
			"value": "GigabitEthernet1/0/1",
			"enabled": true
		},
		{
			"key": "host_ip_address",
			"value": "10.10.20.83",
			"enabled": true
		},
		{
			"key": "client_mac_address",
			"value": "f0:25:72:2a:d2:41",
			"enabled": true
		}
	],
	"_postman_variable_scope": "environment",
	"_postman_exported_at": "2021-01-07T15:45:47.189Z",
	"_postman_exported_using": "Postman/7.36.1"
}