{
	"id": "ab176a78-ca93-0f80-cae4-960682ddf1a9",
	"name": "DevNet Cisco DNA Center Always On 1",
	"values": [
		{
			"key": "dnac",
			"value": "sandboxdnac.cisco.com",
			"enabled": true
		},
		{
			"key": "username",
			"value": "devnetuser",
			"enabled": true
		},
		{
			"key": "password",
			"value": "Cisco123!",
			"enabled": true
		},
		{
			"key": "token",
			"value": "",
			"enabled": true
		},
		{
			"key": "port",
			"value": "443",
			"enabled": true
		},
		{
			"key": "deviceId",
			"value": "",
			"enabled": true
		},
		{
			"key": "tagId",
			"value": "",
			"enabled": true
		},
		{
			"key": "taskId",
			"value": "",
			"enabled": true
		},
		{
			"key": "pathId",
			"value": "",
			"enabled": true
		},
		{
			"key": "GLOBALtime",
			"value": "",
			"enabled": true
		},
		{
			"key": "CLIENTtime",
			"value": "",
			"enabled": true
		},
		{
			"key": "host_id",
			"value": "",
			"enabled": true
		},
		{
			"key": "network_device_id",
			"value": "",
			"enabled": true
		},
		{
			"key": "network_device_hostname",
			"value": "cat_9k_1",
			"enabled": true
		},
		{
			"key": "network_device_ip_address",
			"value": "10.10.22.66",
			"enabled": true
		},
		{
			"key": "network_device_serial",
			"value": "FCW2136L0AK",
			"enabled": true
		},
		{
			"key": "network_device_interface_name",
			"value": "TenGigabitEthernet1/0/3",
			"enabled": true
		},
		{
			"key": "host_ip_address",
			"value": "10.10.22.114",
			"enabled": true
		},
		{
			"key": "client_mac_address",
			"value": "00:1e:13:a5:b9:40",
			"enabled": true
		}
	],
	"_postman_variable_scope": "environment",
	"_postman_exported_at": "2021-01-07T15:46:21.957Z",
	"_postman_exported_using": "Postman/7.36.1"
}