{
	"info": {
		"_postman_id": "40ecd639-8af2-4542-be03-b9a483c467f8",
		"name": "Network Programmability Basics",
		"description": "A collection of REST API calls used as part of the [Network Programmability Video Course](https://github.com/CiscoDevNet/netprog_basics).  ",
		"schema": "https://schema.getpostman.com/json/collection/v2.1.0/collection.json"
	},
	"item": [
		{
			"name": "ACI",
			"item": [
				{
					"name": "APIC Login",
					"request": {
						"method": "POST",
						"header": [
							{
								"key": "Content-Type",
								"value": "application/json"
							}
						],
						"body": {
							"mode": "raw",
							"raw": "{\n    \"aaaUser\": {\n        \"attributes\": {\n            \"name\": \"{{username}}\",\n            \"pwd\": \"{{password}}\"\n        }\n    }\n}"
						},
						"url": {
							"raw": "https://{{apic}}/api/aaaLogin.json",
							"protocol": "https",
							"host": [
								"{{apic}}"
							],
							"path": [
								"api",
								"aaaLogin.json"
							]
						}
					},
					"response": []
				},
				{
					"name": "APIC Tenant Class Query",
					"request": {
						"method": "GET",
						"header": [],
						"url": {
							"raw": "https://{{apic}}/api/node/class/fvTenant.json",
							"protocol": "https",
							"host": [
								"{{apic}}"
							],
							"path": [
								"api",
								"node",
								"class",
								"fvTenant.json"
							]
						}
					},
					"response": []
				},
				{
					"name": "APIC Specific Tenant Class Query ",
					"request": {
						"method": "GET",
						"header": [],
						"url": {
							"raw": "https://{{apic}}/api/node/class/fvTenant.json?query-target-filter=and(eq(fvTenant.name,\"Heroes\"))",
							"protocol": "https",
							"host": [
								"{{apic}}"
							],
							"path": [
								"api",
								"node",
								"class",
								"fvTenant.json"
							],
							"query": [
								{
									"key": "query-target-filter",
									"value": "and(eq(fvTenant.name,\"Heroes\"))"
								}
							]
						}
					},
					"response": []
				},
				{
					"name": "APIC Specific Application Profile Query",
					"request": {
						"method": "GET",
						"header": [],
						"url": {
							"raw": "https://{{apic}}/api/node/mo/uni/tn-Heroes/ap-Save_The_Planet.json",
							"protocol": "https",
							"host": [
								"{{apic}}"
							],
							"path": [
								"api",
								"node",
								"mo",
								"uni",
								"tn-Heroes",
								"ap-Save_The_Planet.json"
							]
						}
					},
					"response": []
				},
				{
					"name": "APIC Application Profile Description Update",
					"request": {
						"method": "POST",
						"header": [],
						"body": {
							"mode": "raw",
							"raw": "{\n    \"fvAp\": {\n        \"attributes\": {\n            \"descr\": \"Configured with REST API\", \n            \"dn\": \"uni/tn-Heroes/ap-Save_The_Planet\"\n        }\n    }\n}"
						},
						"url": {
							"raw": "https://{{apic}}/api/node/mo/uni/tn-Heroes/ap-Save_The_Planet.json",
							"protocol": "https",
							"host": [
								"{{apic}}"
							],
							"path": [
								"api",
								"node",
								"mo",
								"uni",
								"tn-Heroes",
								"ap-Save_The_Planet.json"
							]
						}
					},
					"response": []
				},
				{
					"name": "APIC Non-Default Tenant Class Query",
					"request": {
						"method": "GET",
						"header": [],
						"url": {
							"raw": "https://{{apic}}/api/node/class/fvTenant.json?query-target-filter=and(ne(fvTenant.name,\"common\"),ne(fvTenant.name,\"infra\"),ne(fvTenant.name,\"mgmt\"))",
							"protocol": "https",
							"host": [
								"{{apic}}"
							],
							"path": [
								"api",
								"node",
								"class",
								"fvTenant.json"
							],
							"query": [
								{
									"key": "query-target-filter",
									"value": "and(ne(fvTenant.name,\"common\"),ne(fvTenant.name,\"infra\"),ne(fvTenant.name,\"mgmt\"))"
								}
							]
						}
					},
					"response": []
				},
				{
					"name": "APIC Tenant Query Full Tree",
					"request": {
						"method": "GET",
						"header": [],
						"url": {
							"raw": "https://{{apic}}/api/class/fvTenant.json?query-target-filter=eq(fvTenant.name,\"Heroes\")&rsp-subtree=full&rsp-prop-include=config-only",
							"protocol": "https",
							"host": [
								"{{apic}}"
							],
							"path": [
								"api",
								"class",
								"fvTenant.json"
							],
							"query": [
								{
									"key": "query-target-filter",
									"value": "eq(fvTenant.name,\"Heroes\")"
								},
								{
									"key": "rsp-subtree",
									"value": "full"
								},
								{
									"key": "rsp-prop-include",
									"value": "config-only"
								}
							]
						}
					},
					"response": []
				},
				{
					"name": "APIC Create Tenant",
					"request": {
						"method": "POST",
						"header": [
							{
								"key": "Content-Type",
								"value": "application/json"
							}
						],
						"body": {
							"mode": "raw",
							"raw": "{\n  \"fvTenant\": {\n    \"attributes\": {\n      \"dn\": \"uni/tn-Villains\", \n      \"name\": \"Villains\", \n      \"rn\": \"tn-Villains\", \n      \"status\": \"created,modified\"\n    }, \n    \"children\": []\n  }\n}\n"
						},
						"url": {
							"raw": "https://{{apic}}/api/node/mo/uni.json",
							"protocol": "https",
							"host": [
								"{{apic}}"
							],
							"path": [
								"api",
								"node",
								"mo",
								"uni.json"
							]
						}
					},
					"response": []
				},
				{
					"name": "APIC Delete Tenant",
					"request": {
						"method": "POST",
						"header": [
							{
								"key": "Content-Type",
								"value": "application/json"
							}
						],
						"body": {
							"mode": "raw",
							"raw": "{\n  \"fvTenant\": {\n    \"attributes\": {\n      \"dn\": \"uni/tn-Villains\", \n      \"name\": \"Villains\", \n      \"rn\": \"tn-Villains\", \n      \"status\": \"deleted\"\n    }, \n    \"children\": []\n  }\n}\n"
						},
						"url": {
							"raw": "https://{{apic}}/api/node/mo/uni.json",
							"protocol": "https",
							"host": [
								"{{apic}}"
							],
							"path": [
								"api",
								"node",
								"mo",
								"uni.json"
							]
						}
					},
					"response": []
				},
				{
					"name": "APIC Contract Create",
					"request": {
						"method": "POST",
						"header": [
							{
								"key": "Content-Type",
								"value": "application/json"
							}
						],
						"body": {
							"mode": "raw",
							"raw": " {\n  \"fvTenant\": {\n    \"attributes\": {\n      \"name\": \"Villains\"\n    }, \n    \"children\": [\n\n{\n  \"vzFilter\": {\n    \"attributes\": {\n      \"name\": \"DNS_ZoneTransfer\", \n      \"status\": \"created,modified\"\n    }, \n    \"children\": [\n      {\n        \"vzEntry\": {\n          \"attributes\": {\n            \"dFromPort\": \"53\", \n            \"dToPort\": \"53\", \n            \"etherT\": \"ip\", \n            \"name\": \"tcp-53\", \n            \"prot\": \"tcp\", \n            \"status\": \"created,modified\"\n          }, \n          \"children\": []\n        }\n      }\n    ]\n  }\n},\n{\n  \"vzBrCP\": {\n    \"attributes\": {\n      \"name\": \"DNS\", \n      \"status\": \"created,modified\"\n    }, \n    \"children\": [\n      {\n        \"vzSubj\": {\n          \"attributes\": {\n            \"name\": \"DNS_ZoneTransfer\", \n            \"status\": \"created,modified\"\n          }, \n          \"children\": [\n            {\n              \"vzRsSubjFiltAtt\": {\n                \"attributes\": {\n                  \"status\": \"created,modified\", \n                  \"tnVzFilterName\": \"DNS_ZoneTransfer\"\n                }, \n                \"children\": []\n              }\n            }\n          ]\n        }\n      }\n    ]\n  }\n}\n\n\n      \n    ]\n  }\n}"
						},
						"url": {
							"raw": "https://{{apic}}/api/node/mo/uni/tn-Villains.json",
							"protocol": "https",
							"host": [
								"{{apic}}"
							],
							"path": [
								"api",
								"node",
								"mo",
								"uni",
								"tn-Villains.json"
							]
						}
					},
					"response": []
				},
				{
					"name": "APIC WebSocket Subscribe Heroes",
					"request": {
						"method": "GET",
						"header": [],
						"url": {
							"raw": "https://{{apic}}/api/mo/uni/tn-Heroes.json?subscription=yes",
							"protocol": "https",
							"host": [
								"{{apic}}"
							],
							"path": [
								"api",
								"mo",
								"uni",
								"tn-Heroes.json"
							],
							"query": [
								{
									"key": "subscription",
									"value": "yes"
								}
							]
						}
					},
					"response": []
				},
				{
					"name": "APIC WebSocket Subscribe Refresh",
					"request": {
						"method": "GET",
						"header": [],
						"url": {
							"raw": "https://{{apic}}/api/subscriptionRefresh.json?id=72057662774444034",
							"protocol": "https",
							"host": [
								"{{apic}}"
							],
							"path": [
								"api",
								"subscriptionRefresh.json"
							],
							"query": [
								{
									"key": "id",
									"value": "72057662774444034"
								}
							]
						}
					},
					"response": []
				},
				{
					"name": "APIC End Point Class Query",
					"request": {
						"method": "GET",
						"header": [],
						"url": {
							"raw": "https://{{apic}}/api/node/class/fvCEp.json",
							"protocol": "https",
							"host": [
								"{{apic}}"
							],
							"path": [
								"api",
								"node",
								"class",
								"fvCEp.json"
							]
						}
					},
					"response": []
				},
				{
					"name": "APIC Fabric Node Class Query",
					"request": {
						"method": "GET",
						"header": [],
						"url": {
							"raw": "https://{{apic}}/api/node/class/fabricNode.json",
							"protocol": "https",
							"host": [
								"{{apic}}"
							],
							"path": [
								"api",
								"node",
								"class",
								"fabricNode.json"
							]
						}
					},
					"response": []
				},
				{
					"name": "APIC Tenant Common Query",
					"request": {
						"method": "GET",
						"header": [],
						"url": {
							"raw": "https://{{apic}}/api/mo/uni/tn-common.json",
							"protocol": "https",
							"host": [
								"{{apic}}"
							],
							"path": [
								"api",
								"mo",
								"uni",
								"tn-common.json"
							]
						}
					},
					"response": []
				},
				{
					"name": "APIC Fabric Node Object Query",
					"request": {
						"method": "GET",
						"header": [],
						"url": {
							"raw": "https://{{apic}}/api/mo/topology/pod-1/node-1.json",
							"protocol": "https",
							"host": [
								"{{apic}}"
							],
							"path": [
								"api",
								"mo",
								"topology",
								"pod-1",
								"node-1.json"
							]
						}
					},
					"response": []
				}
			]
		},
		{
			"name": "Cisco DNA Center",
			"item": [
				{
					"name": "Login",
					"event": [
						{
							"listen": "test",
							"script": {
								"exec": [
									"var jsonData = JSON.parse(responseBody);",
									"pm.environment.unset(\"token\");",
									"pm.environment.set(\"token\", jsonData.Token);"
								],
								"type": "text/javascript"
							}
						}
					],
					"request": {
						"auth": {
							"type": "basic",
							"basic": [
								{
									"key": "password",
									"value": "{{password}}",
									"type": "string"
								},
								{
									"key": "username",
									"value": "{{username}}",
									"type": "string"
								}
							]
						},
						"method": "POST",
						"header": [
							{
								"key": "Content-Type",
								"value": "application/json"
							}
						],
						"body": {
							"mode": "raw",
							"raw": ""
						},
						"url": {
							"raw": "https://{{dnac}}:{{port}}/dna/system/api/v1/auth/token",
							"protocol": "https",
							"host": [
								"{{dnac}}"
							],
							"port": "{{port}}",
							"path": [
								"dna",
								"system",
								"api",
								"v1",
								"auth",
								"token"
							]
						}
					},
					"response": []
				},
				{
					"name": "Network Device List",
					"event": [
						{
							"listen": "test",
							"script": {
								"exec": [
									"var jsonData = JSON.parse(responseBody);",
									"postman.setEnvironmentVariable(\"network_device_id\", jsonData.response[0].id);"
								],
								"type": "text/javascript"
							}
						}
					],
					"request": {
						"method": "GET",
						"header": [
							{
								"key": "Content-Type",
								"value": "application/json"
							},
							{
								"key": "Accept",
								"value": "application/json"
							},
							{
								"key": "x-auth-token",
								"value": "{{token}}"
							}
						],
						"url": {
							"raw": "https://{{dnac}}:{{port}}/dna/intent/api/v1/network-device",
							"protocol": "https",
							"host": [
								"{{dnac}}"
							],
							"port": "{{port}}",
							"path": [
								"dna",
								"intent",
								"api",
								"v1",
								"network-device"
							]
						}
					},
					"response": []
				},
				{
					"name": "Network Device List Search",
					"event": [
						{
							"listen": "test",
							"script": {
								"exec": [
									"var jsonData = JSON.parse(responseBody);",
									"postman.setEnvironmentVariable(\"network_device_id\", jsonData.response[0].id);"
								],
								"type": "text/javascript"
							}
						}
					],
					"request": {
						"method": "GET",
						"header": [
							{
								"key": "Content-Type",
								"value": "application/json"
							},
							{
								"key": "Accept",
								"value": "application/json"
							},
							{
								"key": "x-auth-token",
								"value": "{{token}}"
							}
						],
						"url": {
							"raw": "https://{{dnac}}:{{port}}/dna/intent/api/v1/network-device?hostname={{network_device_hostname}}",
							"protocol": "https",
							"host": [
								"{{dnac}}"
							],
							"port": "{{port}}",
							"path": [
								"dna",
								"intent",
								"api",
								"v1",
								"network-device"
							],
							"query": [
								{
									"key": "hostname",
									"value": "{{network_device_hostname}}"
								}
							]
						}
					},
					"response": []
				},
				{
					"name": "Network Device Details",
					"request": {
						"method": "GET",
						"header": [
							{
								"key": "Content-Type",
								"value": "application/json"
							},
							{
								"key": "Accept",
								"value": "application/json"
							},
							{
								"key": "x-auth-token",
								"value": "{{token}}"
							}
						],
						"url": {
							"raw": "https://{{dnac}}:{{port}}/dna/intent/api/v1/network-device/{{network_device_id}}",
							"protocol": "https",
							"host": [
								"{{dnac}}"
							],
							"port": "{{port}}",
							"path": [
								"dna",
								"intent",
								"api",
								"v1",
								"network-device",
								"{{network_device_id}}"
							]
						}
					},
					"response": []
				},
				{
					"name": "Network Device by IP Address",
					"request": {
						"method": "GET",
						"header": [
							{
								"key": "Content-Type",
								"value": "application/json"
							},
							{
								"key": "Accept",
								"value": "application/json"
							},
							{
								"key": "x-auth-token",
								"value": "{{token}}"
							}
						],
						"url": {
							"raw": "https://{{dnac}}:{{port}}/dna/intent/api/v1/network-device/ip-address/{{network_device_ip_address}}",
							"protocol": "https",
							"host": [
								"{{dnac}}"
							],
							"port": "{{port}}",
							"path": [
								"dna",
								"intent",
								"api",
								"v1",
								"network-device",
								"ip-address",
								"{{network_device_ip_address}}"
							]
						}
					},
					"response": []
				},
				{
					"name": "Network Device by Serial",
					"request": {
						"method": "GET",
						"header": [
							{
								"key": "Content-Type",
								"value": "application/json"
							},
							{
								"key": "Accept",
								"value": "application/json"
							},
							{
								"key": "x-auth-token",
								"value": "{{token}}"
							}
						],
						"url": {
							"raw": "https://{{dnac}}:{{port}}/dna/intent/api/v1/network-device/serial-number/{{network_device_serial}}",
							"protocol": "https",
							"host": [
								"{{dnac}}"
							],
							"port": "{{port}}",
							"path": [
								"dna",
								"intent",
								"api",
								"v1",
								"network-device",
								"serial-number",
								"{{network_device_serial}}"
							]
						}
					},
					"response": []
				},
				{
					"name": "Network Devices at a Location",
					"request": {
						"method": "GET",
						"header": [
							{
								"key": "Content-Type",
								"value": "application/json"
							},
							{
								"key": "Accept",
								"value": "application/json"
							},
							{
								"key": "x-auth-token",
								"value": "{{token}}"
							}
						],
						"url": {
							"raw": "https://{{dnac}}:{{port}}/dna/intent/api/v1/network-device/location/e0c8c8c6-05ae-445f-80d8-f8cc225cbbd2",
							"protocol": "https",
							"host": [
								"{{dnac}}"
							],
							"port": "{{port}}",
							"path": [
								"dna",
								"intent",
								"api",
								"v1",
								"network-device",
								"location",
								"e0c8c8c6-05ae-445f-80d8-f8cc225cbbd2"
							]
						}
					},
					"response": []
				},
				{
					"name": "Interface List",
					"event": [
						{
							"listen": "test",
							"script": {
								"exec": [
									""
								],
								"type": "text/javascript"
							}
						}
					],
					"request": {
						"method": "GET",
						"header": [
							{
								"key": "Content-Type",
								"value": "application/json"
							},
							{
								"key": "Accept",
								"value": "application/json"
							},
							{
								"key": "x-auth-token",
								"value": "{{token}}"
							}
						],
						"url": {
							"raw": "https://{{dnac}}:{{port}}/dna/intent/api/v1/interface",
							"protocol": "https",
							"host": [
								"{{dnac}}"
							],
							"port": "{{port}}",
							"path": [
								"dna",
								"intent",
								"api",
								"v1",
								"interface"
							]
						}
					},
					"response": []
				},
				{
					"name": "Interface List by Device ID",
					"event": [
						{
							"listen": "test",
							"script": {
								"exec": [
									""
								],
								"type": "text/javascript"
							}
						}
					],
					"request": {
						"method": "GET",
						"header": [
							{
								"key": "Content-Type",
								"value": "application/json"
							},
							{
								"key": "Accept",
								"value": "application/json"
							},
							{
								"key": "x-auth-token",
								"value": "{{token}}"
							}
						],
						"url": {
							"raw": "https://{{dnac}}:{{port}}/dna/intent/api/v1/interface/network-device/{{network_device_id}}",
							"protocol": "https",
							"host": [
								"{{dnac}}"
							],
							"port": "{{port}}",
							"path": [
								"dna",
								"intent",
								"api",
								"v1",
								"interface",
								"network-device",
								"{{network_device_id}}"
							]
						}
					},
					"response": []
				},
				{
					"name": "Interface List by Device ID and Port Name",
					"request": {
						"method": "GET",
						"header": [
							{
								"key": "Content-Type",
								"value": "application/json"
							},
							{
								"key": "Accept",
								"value": "application/json"
							},
							{
								"key": "x-auth-token",
								"value": "{{token}}"
							}
						],
						"url": {
							"raw": "https://{{dnac}}:{{port}}/dna/intent/api/v1/interface/network-device/{{network_device_id}}/interface-name?name={{network_device_interface_name}}",
							"protocol": "https",
							"host": [
								"{{dnac}}"
							],
							"port": "{{port}}",
							"path": [
								"dna",
								"intent",
								"api",
								"v1",
								"interface",
								"network-device",
								"{{network_device_id}}",
								"interface-name"
							],
							"query": [
								{
									"key": "name",
									"value": "{{network_device_interface_name}}"
								}
							]
						}
					},
					"response": []
				},
				{
					"name": "Begin New Flow Analysis",
					"event": [
						{
							"listen": "test",
							"script": {
								"exec": [
									"var jsonData = JSON.parse(responseBody);",
									"postman.setEnvironmentVariable(\"flowAnalysisId\", jsonData.response.flowAnalysisId);"
								],
								"type": "text/javascript"
							}
						}
					],
					"request": {
						"method": "POST",
						"header": [
							{
								"key": "Content-Type",
								"value": "application/json"
							},
							{
								"key": "Accept",
								"value": "application/json"
							},
							{
								"key": "x-auth-token",
								"value": "{{token}}"
							}
						],
						"body": {
							"mode": "raw",
							"raw": "{\n\t\"destIP\": \"10.10.20.83\", \n\t\"sourceIP\": \"10.10.20.84\"\n}"
						},
						"url": {
							"raw": "https://{{dnac}}:{{port}}/dna/intent/api/v1/flow-analysis",
							"protocol": "https",
							"host": [
								"{{dnac}}"
							],
							"port": "{{port}}",
							"path": [
								"dna",
								"intent",
								"api",
								"v1",
								"flow-analysis"
							]
						}
					},
					"response": []
				},
				{
					"name": "Get Flow Analysis Details",
					"request": {
						"method": "GET",
						"header": [
							{
								"key": "Content-Type",
								"value": "application/json"
							},
							{
								"key": "Accept",
								"value": "application/json"
							},
							{
								"key": "x-auth-token",
								"value": "{{token}}"
							}
						],
						"url": {
							"raw": "https://{{dnac}}:{{port}}/dna/intent/api/v1/flow-analysis/{{flowAnalysisId}}",
							"protocol": "https",
							"host": [
								"{{dnac}}"
							],
							"port": "{{port}}",
							"path": [
								"dna",
								"intent",
								"api",
								"v1",
								"flow-analysis",
								"{{flowAnalysisId}}"
							]
						}
					},
					"response": []
				},
				{
					"name": "Delete Flow Analysis",
					"request": {
						"method": "DELETE",
						"header": [
							{
								"key": "Content-Type",
								"value": "application/json"
							},
							{
								"key": "Accept",
								"value": "application/json"
							},
							{
								"key": "x-auth-token",
								"value": "{{token}}"
							}
						],
						"body": {
							"mode": "raw",
							"raw": "{\n\t\"destIP\": \"10.1.15.117\", \n\t\"sourceIP\": \"10.2.1.22\"\n}"
						},
						"url": {
							"raw": "https://{{dnac}}:{{port}}/api/v1/flow-analysis/{{flowAnalysisId}}",
							"protocol": "https",
							"host": [
								"{{dnac}}"
							],
							"port": "{{port}}",
							"path": [
								"api",
								"v1",
								"flow-analysis",
								"{{flowAnalysisId}}"
							]
						}
					},
					"response": []
				},
				{
					"name": "Hosts List",
					"event": [
						{
							"listen": "test",
							"script": {
								"exec": [
									"var jsonData = JSON.parse(responseBody);",
									"postman.setEnvironmentVariable(\"host_id\", jsonData.response[0].id);"
								],
								"type": "text/javascript"
							}
						}
					],
					"request": {
						"method": "GET",
						"header": [
							{
								"key": "Content-Type",
								"value": "application/json"
							},
							{
								"key": "Accept",
								"value": "application/json"
							},
							{
								"key": "x-auth-token",
								"value": "{{token}}"
							}
						],
						"url": {
							"raw": "https://{{dnac}}:{{port}}/api/v1/host",
							"protocol": "https",
							"host": [
								"{{dnac}}"
							],
							"port": "{{port}}",
							"path": [
								"api",
								"v1",
								"host"
							]
						}
					},
					"response": []
				},
				{
					"name": "Hosts Details",
					"request": {
						"method": "GET",
						"header": [
							{
								"key": "Content-Type",
								"value": "application/json"
							},
							{
								"key": "Accept",
								"value": "application/json"
							},
							{
								"key": "x-auth-token",
								"value": "{{token}}"
							}
						],
						"url": {
							"raw": "https://{{dnac}}:{{port}}/api/v1/host/{{host_id}}",
							"protocol": "https",
							"host": [
								"{{dnac}}"
							],
							"port": "{{port}}",
							"path": [
								"api",
								"v1",
								"host",
								"{{host_id}}"
							]
						}
					},
					"response": []
				},
				{
					"name": "Hosts by IP Address",
					"event": [
						{
							"listen": "test",
							"script": {
								"exec": [
									"var jsonData = JSON.parse(responseBody);",
									"postman.setEnvironmentVariable(\"host_id\", jsonData.response[0].id);"
								],
								"type": "text/javascript"
							}
						}
					],
					"request": {
						"method": "GET",
						"header": [
							{
								"key": "Content-Type",
								"value": "application/json"
							},
							{
								"key": "Accept",
								"value": "application/json"
							},
							{
								"key": "x-auth-token",
								"value": "{{token}}"
							}
						],
						"url": {
							"raw": "https://{{dnac}}:{{port}}/api/v1/host?hostIp={{host_ip_address}}",
							"protocol": "https",
							"host": [
								"{{dnac}}"
							],
							"port": "{{port}}",
							"path": [
								"api",
								"v1",
								"host"
							],
							"query": [
								{
									"key": "hostIp",
									"value": "{{host_ip_address}}"
								}
							]
						}
					},
					"response": []
				},
				{
					"name": "Get Client Health",
					"event": [
						{
							"listen": "test",
							"script": {
								"exec": [
									""
								],
								"type": "text/javascript"
							}
						}
					],
					"request": {
						"method": "GET",
						"header": [
							{
								"key": "Content-Type",
								"value": "application/json",
								"disabled": true
							},
							{
								"key": "Accept",
								"value": "application/json",
								"disabled": true
							},
							{
								"key": "x-auth-tokean",
								"value": "{{token}}"
							},
							{
								"key": "__runsync",
								"value": "True",
								"type": "text"
							}
						],
						"url": {
							"raw": "https://{{dnac}}:{{port}}/dna/intent/api/v1/client-health?startTime=&endTime=",
							"protocol": "https",
							"host": [
								"{{dnac}}"
							],
							"port": "{{port}}",
							"path": [
								"dna",
								"intent",
								"api",
								"v1",
								"client-health"
							],
							"query": [
								{
									"key": "startTime",
									"value": ""
								},
								{
									"key": "endTime",
									"value": ""
								}
							]
						}
					},
					"response": []
				},
				{
					"name": "Get Client Detail",
					"request": {
						"method": "GET",
						"header": [
							{
								"key": "Content-Type",
								"value": "application/json",
								"type": "text"
							},
							{
								"key": "Accept",
								"value": "application/json",
								"type": "text"
							},
							{
								"key": "x-auth-token",
								"value": "{{token}}",
								"type": "text"
							}
						],
						"url": {
							"raw": "https://{{dnac}}:{{port}}/dna/intent/api/v1/client-detail?timestamp=&macAddress={{client_mac_address}}",
							"protocol": "https",
							"host": [
								"{{dnac}}"
							],
							"port": "{{port}}",
							"path": [
								"dna",
								"intent",
								"api",
								"v1",
								"client-detail"
							],
							"query": [
								{
									"key": "timestamp",
									"value": ""
								},
								{
									"key": "macAddress",
									"value": "{{client_mac_address}}"
								}
							]
						}
					},
					"response": []
				}
			]
		},
		{
			"name": "NX-API CLI",
			"item": [
				{
					"name": "JSON-RPC show vlans bri",
					"request": {
						"auth": {
							"type": "basic",
							"basic": [
								{
									"key": "username",
									"value": "{{username}}",
									"type": "string"
								},
								{
									"key": "password",
									"value": "{{password}}",
									"type": "string"
								},
								{
									"key": "saveHelperData",
									"value": true,
									"type": "boolean"
								},
								{
									"key": "showPassword",
									"value": false,
									"type": "boolean"
								}
							]
						},
						"method": "POST",
						"header": [
							{
								"key": "Content-Type",
								"value": "application/json-rpc"
							},
							{
								"key": "Authorization",
								"value": "Basic YWRtaW46Y2lzY28xMjM="
							}
						],
						"body": {
							"mode": "raw",
							"raw": "[\n  {\n    \"jsonrpc\": \"2.0\",\n    \"method\": \"cli\",\n    \"params\": {\n      \"cmd\": \"show vlan bri\",\n      \"version\": 1\n    },\n    \"id\": 1\n  }\n]"
						},
						"url": {
							"raw": "https://{{host}}/ins",
							"protocol": "https",
							"host": [
								"{{host}}"
							],
							"path": [
								"ins"
							]
						}
					},
					"response": []
				},
				{
					"name": "INS-API XML show vlans bri",
					"request": {
						"auth": {
							"type": "basic",
							"basic": [
								{
									"key": "username",
									"value": "{{username}}",
									"type": "string"
								},
								{
									"key": "password",
									"value": "{{password}}",
									"type": "string"
								},
								{
									"key": "saveHelperData",
									"value": true,
									"type": "boolean"
								},
								{
									"key": "showPassword",
									"value": false,
									"type": "boolean"
								}
							]
						},
						"method": "POST",
						"header": [
							{
								"key": "Content-Type",
								"value": "application/xml"
							},
							{
								"key": "Authorization",
								"value": "Basic YWRtaW46Y2lzY28xMjM="
							}
						],
						"body": {
							"mode": "raw",
							"raw": "<?xml version=\"1.0\"?>\n<ins_api>\n  <version>1.0</version>\n  <type>cli_show</type>\n  <chunk>0</chunk>\n  <sid>sid</sid>\n  <input>show vlan bri</input>\n  <output_format>xml</output_format>\n</ins_api>"
						},
						"url": {
							"raw": "https://{{host}}/ins",
							"protocol": "https",
							"host": [
								"{{host}}"
							],
							"path": [
								"ins"
							]
						}
					},
					"response": []
				},
				{
					"name": "INS-API JSON show vlans bri",
					"request": {
						"auth": {
							"type": "basic",
							"basic": [
								{
									"key": "username",
									"value": "{{username}}",
									"type": "string"
								},
								{
									"key": "password",
									"value": "{{password}}",
									"type": "string"
								},
								{
									"key": "saveHelperData",
									"value": true,
									"type": "boolean"
								},
								{
									"key": "showPassword",
									"value": false,
									"type": "boolean"
								}
							]
						},
						"method": "POST",
						"header": [
							{
								"key": "Content-Type",
								"value": "application/json"
							},
							{
								"key": "Authorization",
								"value": "Basic YWRtaW46Y2lzY28xMjM="
							}
						],
						"body": {
							"mode": "raw",
							"raw": "{\n  \"ins_api\": {\n    \"version\": \"1.0\",\n    \"type\": \"cli_show\",\n    \"chunk\": \"0\",\n    \"sid\": \"1\",\n    \"input\": \"show vlan bri\",\n    \"output_format\": \"json\"\n  }\n}"
						},
						"url": {
							"raw": "https://{{host}}/ins",
							"protocol": "https",
							"host": [
								"{{host}}"
							],
							"path": [
								"ins"
							]
						}
					},
					"response": []
				}
			]
		},
		{
			"name": "NX-API REST",
			"item": [
				{
					"name": "Login Request",
					"request": {
						"method": "POST",
						"header": [],
						"body": {
							"mode": "raw",
							"raw": "{\n  \"aaaUser\": {\n    \"attributes\": {\n      \"name\": \"{{username}}\",\n      \"pwd\": \"{{password}}\"\n    }\n  }\n}"
						},
						"url": {
							"raw": "https://{{host}}:{{port}}/api/aaaLogin.json",
							"protocol": "https",
							"host": [
								"{{host}}"
							],
							"port": "{{port}}",
							"path": [
								"api",
								"aaaLogin.json"
							]
						}
					},
					"response": []
				},
				{
					"name": "GET SNMP Instances",
					"request": {
						"method": "GET",
						"header": [],
						"url": {
							"raw": "https://{{host}}:{{port}}/api/node/mo/sys/snmp.xml?query-target=subtree",
							"protocol": "https",
							"host": [
								"{{host}}"
							],
							"port": "{{port}}",
							"path": [
								"api",
								"node",
								"mo",
								"sys",
								"snmp.xml"
							],
							"query": [
								{
									"key": "query-target",
									"value": "subtree"
								}
							]
						}
					},
					"response": []
				},
				{
					"name": "Configure SNMP Plus Example",
					"request": {
						"method": "POST",
						"header": [],
						"body": {
							"mode": "raw",
							"raw": "<topSystem>\n<snmpEntity>\n<snmpInst>\n<snmpCommSecP commAcess=\"unspecified\" grpName=\"network-operator\" name=\"NXAPI2\">\n<snmpAcl useAclName=\"gnoc_ro\" useIpv4AclName=\"\" useIpv6AclName=\"\"/>\n</snmpCommSecP>\n<snmpTraps>\n<snmpTfeaturecontrol>\n<snmpFeatureOpStatusChange trapstatus=\"enable\"/>\n</snmpTfeaturecontrol>\n<snmpTstpx>\n<snmpLoopInconsistency trapstatus=\"enable\"/>\n<snmpInconsistency trapstatus=\"enable\"/>\n<snmpRootInconsistency trapstatus=\"enable\"/>\n</snmpTstpx>\n<snmpTsysmgr>\n<snmpCseFailSwCoreNotifyExtended trapstatus=\"enable\"/>\n</snmpTsysmgr>\n<snmpTlink>\n<snmpCiscoXcvrMonStatusChange trapstatus=\"enable\"/>\n</snmpTlink>\n<snmpTbridge>\n<snmpNewRoot trapstatus=\"enable\"/>\n<snmpTopologyChange trapstatus=\"enable\"/>\n</snmpTbridge>\n<snmpTconfig>\n<snmpCLIRunningConfigChange trapstatus=\"enable\"/>\n</snmpTconfig>\n</snmpTraps>\n<snmpHost commName=\"NXAPI2\" hostName=\"192.168.0.101\" notifType=\"traps\" secLevel=\"unspecified\" udpPortID=\"162\" version=\"v2c\"/>\n<snmpHost commName=\"NXAPI2\" hostName=\"192.168.0.102\" notifType=\"traps\" secLevel=\"unspecified\" udpPortID=\"162\" version=\"v2c\"/>\n</snmpInst>\n</snmpEntity>\n<datetimeClkPol>\n<datetimeNtpSrcIf srcIf=\"mgmt0\"/>\n<datetimeNtpProvider name=\"NXAPITIME\" preferred=\"yes\" provT=\"server\"/>\n<datetimeNtpProvider name=\"NXAPITIME2\" provT=\"server\"/>\n</datetimeClkPol>\n<aclEntity>\n<ipv4aclAF>\n<ipv4aclACL name=\"gnoc_ro\">\n<ipv4aclACE action=\"permit\" dstPrefix=\"0.0.0.0\" protocol=\"ip\" seqNum=\"60\" srcPrefix=\"192.168.0.101\" srcPrefixLength=\"32\" userSetBit=\"1\"/>\n<ipv4aclACE action=\"permit\" dstPrefix=\"0.0.0.0\" protocol=\"ip\" seqNum=\"50\" srcPrefix=\"192.168.0.101\" srcPrefixLength=\"32\" userSetBit=\"1\"/>\n<ipv4aclACE action=\"permit\" dstPrefix=\"0.0.0.0\" protocol=\"ip\" seqNum=\"30\" srcPrefix=\"192.168.0.101\" srcPrefixLength=\"32\" userSetBit=\"1\"/>\n<ipv4aclACE action=\"permit\" dstPrefix=\"0.0.0.0\" protocol=\"ip\" seqNum=\"10\" srcPrefix=\"192.168.0.101\" srcPrefixLength=\"24\" userSetBit=\"1\"/>\n<ipv4aclACE action=\"permit\" dstPrefix=\"0.0.0.0\" protocol=\"ip\" seqNum=\"20\" srcPrefix=\"192.168.0.101\" srcPrefixLength=\"26\" userSetBit=\"1\"/>\n<ipv4aclACE action=\"permit\" dstPrefix=\"0.0.0.0\" protocol=\"ip\" seqNum=\"40\" srcPrefix=\"192.168.0.101\" srcPrefixLength=\"32\" userSetBit=\"1\"/>\n</ipv4aclACL>\n</ipv4aclAF>\n</aclEntity>\n<syslogSyslog>\n<syslogRemoteDest host=\"192.168.0.101\" severity=\"information\" vrfName=\"default\"/>\n</syslogSyslog>\n</topSystem>"
						},
						"url": {
							"raw": "https://{{host}}:{{port}}/api/node/mo/sys.xml",
							"protocol": "https",
							"host": [
								"{{host}}"
							],
							"port": "{{port}}",
							"path": [
								"api",
								"node",
								"mo",
								"sys.xml"
							]
						}
					},
					"response": []
				},
				{
					"name": "GET Interface Eth1/11",
					"request": {
						"method": "GET",
						"header": [],
						"url": {
							"raw": "https://{{host}}/api/node/mo/sys/intf/phys-[eth1/11].json",
							"protocol": "https",
							"host": [
								"{{host}}"
							],
							"path": [
								"api",
								"node",
								"mo",
								"sys",
								"intf",
								"phys-[eth1",
								"11].json"
							]
						}
					},
					"response": []
				},
				{
					"name": "PUT Interface Eth1/11 - Desc",
					"request": {
						"method": "PUT",
						"header": [],
						"body": {
							"mode": "raw",
							"raw": "{\n    \"l1PhysIf\": {\n        \"attributes\": {\n            \"descr\": \"Configured with NX-API REST\"\n        }\n    }\n}"
						},
						"url": {
							"raw": "https://{{host}}/api/node/mo/sys/intf/phys-[eth1/11].json",
							"protocol": "https",
							"host": [
								"{{host}}"
							],
							"path": [
								"api",
								"node",
								"mo",
								"sys",
								"intf",
								"phys-[eth1",
								"11].json"
							]
						}
					},
					"response": []
				},
				{
					"name": "Class Query - VLANS other than 1",
					"request": {
						"method": "GET",
						"header": [],
						"url": {
							"raw": "https://{{host}}/api/node/class/l2BD.json?query-target-filter=and(ne(l2BD.id,\"1\"))",
							"protocol": "https",
							"host": [
								"{{host}}"
							],
							"path": [
								"api",
								"node",
								"class",
								"l2BD.json"
							],
							"query": [
								{
									"key": "query-target-filter",
									"value": "and(ne(l2BD.id,\"1\"))"
								}
							]
						}
					},
					"response": []
				},
				{
					"name": "GET VLAN 1",
					"request": {
						"method": "GET",
						"header": [],
						"url": {
							"raw": "https://{{host}}/api/node/mo/sys/bd/bd-[vlan-1].json",
							"protocol": "https",
							"host": [
								"{{host}}"
							],
							"path": [
								"api",
								"node",
								"mo",
								"sys",
								"bd",
								"bd-[vlan-1].json"
							]
						}
					},
					"response": []
				},
				{
					"name": "GET VLAN 501",
					"request": {
						"method": "GET",
						"header": [],
						"url": {
							"raw": "https://{{host}}/api/node/mo/sys/bd/bd-[vlan-501].json",
							"protocol": "https",
							"host": [
								"{{host}}"
							],
							"path": [
								"api",
								"node",
								"mo",
								"sys",
								"bd",
								"bd-[vlan-501].json"
							]
						}
					},
					"response": []
				},
				{
					"name": "POST VLAN 501",
					"request": {
						"method": "POST",
						"header": [],
						"body": {
							"mode": "raw",
							"raw": "{\n    \"l2BD\": {\n        \"attributes\": {\n            \"fabEncap\": \"vlan-501\",\n            \"name\": \"NX-API-REST1\"\n        }\n    }\n}"
						},
						"url": {
							"raw": "https://{{host}}/api/node/mo/sys/bd/bd-[vlan-501].json",
							"protocol": "https",
							"host": [
								"{{host}}"
							],
							"path": [
								"api",
								"node",
								"mo",
								"sys",
								"bd",
								"bd-[vlan-501].json"
							]
						}
					},
					"response": []
				},
				{
					"name": "DELETE VLAN 501",
					"request": {
						"method": "DELETE",
						"header": [],
						"body": {
							"mode": "raw",
							"raw": ""
						},
						"url": {
							"raw": "https://{{host}}/api/node/mo/sys/bd/bd-[vlan-501].json",
							"protocol": "https",
							"host": [
								"{{host}}"
							],
							"path": [
								"api",
								"node",
								"mo",
								"sys",
								"bd",
								"bd-[vlan-501].json"
							]
						}
					},
					"response": []
				},
				{
					"name": "Full Object Tree Query",
					"request": {
						"method": "GET",
						"header": [],
						"url": {
							"raw": "https://{{host}}/api/node/mo/sys.json?query-target=subtree",
							"protocol": "https",
							"host": [
								"{{host}}"
							],
							"path": [
								"api",
								"node",
								"mo",
								"sys.json"
							],
							"query": [
								{
									"key": "query-target",
									"value": "subtree"
								}
							]
						}
					},
					"response": []
				}
			]
		},
		{
			"name": "RESTCONF",
			"item": [
				{
					"name": "Read the top level REST resource",
					"request": {
						"auth": {
							"type": "basic",
							"basic": [
								{
									"key": "username",
									"value": "{{username}}",
									"type": "string"
								},
								{
									"key": "password",
									"value": "{{password}}",
									"type": "string"
								},
								{
									"key": "saveHelperData",
									"value": true,
									"type": "boolean"
								},
								{
									"key": "showPassword",
									"value": false,
									"type": "boolean"
								}
							]
						},
						"method": "GET",
						"header": [
							{
								"key": "Content-Type",
								"value": "application/yang-data+json"
							},
							{
								"key": "Accept",
								"value": "application/yang-data+json"
							},
							{
								"key": "Authorization",
								"value": "Basic dmFncmFudDp2YWdyYW50"
							}
						],
						"url": {
							"raw": "https://{{host}}:{{port}}/.well-known/host-meta",
							"protocol": "https",
							"host": [
								"{{host}}"
							],
							"port": "{{port}}",
							"path": [
								".well-known",
								"host-meta"
							]
						},
						"description": "/api is the top level REST resource.\nReading this resource shows what datastores\nare available and what operations are available.\n\nOperations are executed by sending a GET command\nto the URL identified for the operation."
					},
					"response": []
				},
				{
					"name": "Read models implemented by the device",
					"event": [
						{
							"listen": "test",
							"script": {
								"type": "text/javascript",
								"exec": [
									"tests[\"Body matches string\"] = responseBody.has(\"interface\");"
								]
							}
						}
					],
					"request": {
						"auth": {
							"type": "basic",
							"basic": [
								{
									"key": "username",
									"value": "{{username}}",
									"type": "string"
								},
								{
									"key": "password",
									"value": "{{password}}",
									"type": "string"
								},
								{
									"key": "saveHelperData",
									"value": true,
									"type": "boolean"
								},
								{
									"key": "showPassword",
									"value": false,
									"type": "boolean"
								}
							]
						},
						"method": "GET",
						"header": [
							{
								"key": "Content-Type",
								"value": "application/yang-data+json"
							},
							{
								"key": "Accept",
								"value": "application/yang-data+json"
							},
							{
								"key": "Authorization",
								"value": "Basic dmFncmFudDp2YWdyYW50"
							}
						],
						"url": {
							"raw": "https://{{host}}:{{port}}/restconf/data/netconf-state/capabilities",
							"protocol": "https",
							"host": [
								"{{host}}"
							],
							"port": "{{port}}",
							"path": [
								"restconf",
								"data",
								"netconf-state",
								"capabilities"
							]
						},
						"description": "This command reads a subset of the information available\nin the ietf-netconf-monitoring model.  The information returned\nis the list of all models, revisions, deviations on this device.\n\nUsing this command is the definitive way to determine the exact\nimplementation and versions on the device.  This information can\nbe used by an intelligent management client to make decisions\non how to use the RESTCONF interface.\n\nThis example for the ietf-interfaces model identifies the \nrevision data as 5.8.2014 and lists specific feature options\nsupported and also the name of the module applying deviations \nthat change the information exposed by the model.\n\n      \"urn:ietf:params:xml:ns:yang:\n      ietf-interfaces?module=ietf-interfaces&\n      revision=2014-05-08&features=pre-provisioning,if-mib,\n      arbitrary-names&deviations=ietf-ip-devs\",\n"
					},
					"response": []
				},
				{
					"name": "Read ietf-yang-library",
					"event": [
						{
							"listen": "test",
							"script": {
								"exec": [
									"tests[\"Body matches string\"] = responseBody.has(\"interface\");"
								],
								"type": "text/javascript"
							}
						}
					],
					"request": {
						"auth": {
							"type": "basic",
							"basic": [
								{
									"key": "username",
									"value": "{{username}}",
									"type": "string"
								},
								{
									"key": "password",
									"value": "{{password}}",
									"type": "string"
								},
								{
									"key": "saveHelperData",
									"value": true,
									"type": "boolean"
								},
								{
									"key": "showPassword",
									"value": false,
									"type": "boolean"
								}
							]
						},
						"method": "GET",
						"header": [
							{
								"key": "Content-Type",
								"value": "application/yang-data+json"
							},
							{
								"key": "Accept",
								"value": "application/yang-data+json"
							},
							{
								"key": "Authorization",
								"value": "Basic dmFncmFudDp2YWdyYW50"
							}
						],
						"url": {
							"raw": "https://{{host}}:{{port}}/restconf/data/ietf-yang-library:modules-state",
							"protocol": "https",
							"host": [
								"{{host}}"
							],
							"port": "{{port}}",
							"path": [
								"restconf",
								"data",
								"ietf-yang-library:modules-state"
							]
						},
						"description": "This command reads a subset of the information available\nin the ietf-netconf-monitoring model.  The information returned\nis the list of all models, revisions, deviations on this device.\n\nUsing this command is the definitive way to determine the exact\nimplementation and versions on the device.  This information can\nbe used by an intelligent management client to make decisions\non how to use the RESTCONF interface.\n\nThis example for the ietf-interfaces model identifies the \nrevision data as 5.8.2014 and lists specific feature options\nsupported and also the name of the module applying deviations \nthat change the information exposed by the model.\n\n      \"urn:ietf:params:xml:ns:yang:\n      ietf-interfaces?module=ietf-interfaces&\n      revision=2014-05-08&features=pre-provisioning,if-mib,\n      arbitrary-names&deviations=ietf-ip-devs\",\n"
					},
					"response": []
				},
				{
					"name": "Read ietf-interfaces list of interface names",
					"request": {
						"auth": {
							"type": "basic",
							"basic": [
								{
									"key": "username",
									"value": "{{username}}",
									"type": "string"
								},
								{
									"key": "password",
									"value": "{{password}}",
									"type": "string"
								},
								{
									"key": "saveHelperData",
									"value": true,
									"type": "boolean"
								},
								{
									"key": "showPassword",
									"value": false,
									"type": "boolean"
								}
							]
						},
						"method": "GET",
						"header": [
							{
								"key": "Content-Type",
								"value": "application/yang-data+json"
							},
							{
								"key": "Accept",
								"value": "application/yang-data+json"
							},
							{
								"key": "Authorization",
								"value": "Basic dmFncmFudDp2YWdyYW50"
							}
						],
						"url": {
							"raw": "https://{{host}}:{{port}}/restconf/data/ietf-interfaces:interfaces",
							"protocol": "https",
							"host": [
								"{{host}}"
							],
							"port": "{{port}}",
							"path": [
								"restconf",
								"data",
								"ietf-interfaces:interfaces"
							]
						},
						"description": "This message uses the ietf-interface model to read\na list of the names of each interface managed using\nthe model.  The model mapping infrastructure converts\nthe native model configuration into the form defined\nby the ietf-interfaces common model\n\n{\n  \"ietf-interfaces:interfaces\": {\n    \"interface\": [\n      {\n        \"name\": \"FastEthernet0/0/0\"\n      },\n      {\n        \"name\": \"FastEthernet0/0/1\"\n      },\n      {\n        \"name\": \"FastEthernet0/0/2\"\n      },"
					},
					"response": []
				},
				{
					"name": "Read ietf-interfaces single interface",
					"request": {
						"auth": {
							"type": "basic",
							"basic": [
								{
									"key": "username",
									"value": "{{username}}",
									"type": "string"
								},
								{
									"key": "password",
									"value": "{{password}}",
									"type": "string"
								},
								{
									"key": "saveHelperData",
									"value": true,
									"type": "boolean"
								},
								{
									"key": "showPassword",
									"value": false,
									"type": "boolean"
								}
							]
						},
						"method": "GET",
						"header": [
							{
								"key": "Content-Type",
								"value": "application/yang-data+json"
							},
							{
								"key": "Accept",
								"value": "application/yang-data+json"
							},
							{
								"key": "Authorization",
								"value": "Basic dmFncmFudDp2YWdyYW50"
							}
						],
						"url": {
							"raw": "https://{{host}}:{{port}}/restconf/data/ietf-interfaces:interfaces/interface=GigabitEthernet2",
							"protocol": "https",
							"host": [
								"{{host}}"
							],
							"port": "{{port}}",
							"path": [
								"restconf",
								"data",
								"ietf-interfaces:interfaces",
								"interface=GigabitEthernet2"
							]
						},
						"description": "This reads a single interface from the IOS XE box which already has been configured as a 802.1Q subinterface"
					},
					"response": []
				},
				{
					"name": "Configure ietf-interfaces single interface",
					"request": {
						"auth": {
							"type": "basic",
							"basic": [
								{
									"key": "username",
									"value": "{{username}}",
									"type": "string"
								},
								{
									"key": "password",
									"value": "{{password}}",
									"type": "string"
								},
								{
									"key": "saveHelperData",
									"value": true,
									"type": "boolean"
								},
								{
									"key": "showPassword",
									"value": false,
									"type": "boolean"
								}
							]
						},
						"method": "PUT",
						"header": [
							{
								"key": "Authorization",
								"value": "Basic cm9vdDpjaXNjbzEyMw=="
							},
							{
								"key": "Accept",
								"value": "application/yang-data+json"
							},
							{
								"key": "Content-Type",
								"value": "application/yang-data+json"
							}
						],
						"body": {
							"mode": "raw",
							"raw": "{\n    \"ietf-interfaces:interface\": {\n        \"name\": \"GigabitEthernet2\",\n        \"description\": \"Configured by RESTCONF\",\n        \"type\": \"iana-if-type:ethernetCsmacd\",\n        \"enabled\": true,\n        \"ietf-ip:ipv4\": {\n            \"address\": [\n                {\n                    \"ip\": \"10.255.255.1\",\n                    \"netmask\": \"255.255.255.0\"\n                }\n            ]\n        }\n    }\n}"
						},
						"url": {
							"raw": "https://{{host}}:{{port}}/restconf/data/ietf-interfaces:interfaces/interface=GigabitEthernet2",
							"protocol": "https",
							"host": [
								"{{host}}"
							],
							"port": "{{port}}",
							"path": [
								"restconf",
								"data",
								"ietf-interfaces:interfaces",
								"interface=GigabitEthernet2"
							]
						}
					},
					"response": []
				},
				{
					"name": "Update ietf-interfaces IPv4 Addresses",
					"request": {
						"auth": {
							"type": "basic",
							"basic": [
								{
									"key": "username",
									"value": "{{username}}",
									"type": "string"
								},
								{
									"key": "password",
									"value": "{{password}}",
									"type": "string"
								},
								{
									"key": "saveHelperData",
									"value": true,
									"type": "boolean"
								},
								{
									"key": "showPassword",
									"value": false,
									"type": "boolean"
								}
							]
						},
						"method": "PUT",
						"header": [
							{
								"key": "Authorization",
								"value": "Basic cm9vdDpjaXNjbzEyMw=="
							},
							{
								"key": "Accept",
								"value": "application/yang-data+json"
							},
							{
								"key": "Content-Type",
								"value": "application/yang-data+json"
							}
						],
						"body": {
							"mode": "raw",
							"raw": "{\n    \"ietf-interfaces:interface\": {\n        \"name\": \"GigabitEthernet2\",\n        \"description\": \"Configured by RESTCONF\",\n        \"type\": \"iana-if-type:ethernetCsmacd\",\n        \"enabled\": true,\n        \"ietf-ip:ipv4\": {\n            \"address\": [\n                {\n                    \"ip\": \"10.255.255.1\",\n                    \"netmask\": \"255.255.255.0\"\n                }\n            ]\n        }\n    }\n}"
						},
						"url": {
							"raw": "https://{{host}}:{{port}}/restconf/data/ietf-interfaces:interfaces/interface=GigabitEthernet2",
							"protocol": "https",
							"host": [
								"{{host}}"
							],
							"port": "{{port}}",
							"path": [
								"restconf",
								"data",
								"ietf-interfaces:interfaces",
								"interface=GigabitEthernet2"
							]
						}
					},
					"response": []
				},
				{
					"name": "Read openconfig-interfaces list of interface names",
					"request": {
						"auth": {
							"type": "basic",
							"basic": [
								{
									"key": "username",
									"value": "{{username}}",
									"type": "string"
								},
								{
									"key": "password",
									"value": "{{password}}",
									"type": "string"
								},
								{
									"key": "saveHelperData",
									"value": true,
									"type": "boolean"
								},
								{
									"key": "showPassword",
									"value": false,
									"type": "boolean"
								}
							]
						},
						"method": "GET",
						"header": [
							{
								"key": "Content-Type",
								"value": "application/yang-data+json"
							},
							{
								"key": "Accept",
								"value": "application/yang-data+json"
							},
							{
								"key": "Authorization",
								"value": "Basic dmFncmFudDp2YWdyYW50"
							}
						],
						"url": {
							"raw": "https://{{host}}:{{port}}/restconf/data/openconfig-interfaces:interfaces",
							"protocol": "https",
							"host": [
								"{{host}}"
							],
							"port": "{{port}}",
							"path": [
								"restconf",
								"data",
								"openconfig-interfaces:interfaces"
							]
						},
						"description": "This message uses the ietf-interface model to read\na list of the names of each interface managed using\nthe model.  The model mapping infrastructure converts\nthe native model configuration into the form defined\nby the ietf-interfaces common model\n\n{\n  \"ietf-interfaces:interfaces\": {\n    \"interface\": [\n      {\n        \"name\": \"FastEthernet0/0/0\"\n      },\n      {\n        \"name\": \"FastEthernet0/0/1\"\n      },\n      {\n        \"name\": \"FastEthernet0/0/2\"\n      },"
					},
					"response": []
				},
				{
					"name": "Read openconfig-interfaces single interface",
					"request": {
						"auth": {
							"type": "basic",
							"basic": [
								{
									"key": "username",
									"value": "{{username}}",
									"type": "string"
								},
								{
									"key": "password",
									"value": "{{password}}",
									"type": "string"
								},
								{
									"key": "saveHelperData",
									"value": true,
									"type": "boolean"
								},
								{
									"key": "showPassword",
									"value": false,
									"type": "boolean"
								}
							]
						},
						"method": "GET",
						"header": [
							{
								"key": "Content-Type",
								"value": "application/yang-data+json"
							},
							{
								"key": "Accept",
								"value": "application/yang-data+json"
							},
							{
								"key": "Authorization",
								"value": "Basic dmFncmFudDp2YWdyYW50"
							}
						],
						"url": {
							"raw": "https://{{host}}:{{port}}/restconf/data/openconfig-interfaces:interfaces/interface=GigabitEthernet2",
							"protocol": "https",
							"host": [
								"{{host}}"
							],
							"port": "{{port}}",
							"path": [
								"restconf",
								"data",
								"openconfig-interfaces:interfaces",
								"interface=GigabitEthernet2"
							]
						},
						"description": "This reads a single interface from the IOS XE box which already has been configured as a 802.1Q subinterface"
					},
					"response": []
				},
				{
					"name": "Read native device list of interfaces",
					"request": {
						"auth": {
							"type": "basic",
							"basic": [
								{
									"key": "username",
									"value": "{{username}}",
									"type": "string"
								},
								{
									"key": "password",
									"value": "{{password}}",
									"type": "string"
								},
								{
									"key": "saveHelperData",
									"value": true,
									"type": "boolean"
								},
								{
									"key": "showPassword",
									"value": false,
									"type": "boolean"
								}
							]
						},
						"method": "GET",
						"header": [
							{
								"key": "Content-Type",
								"value": "application/yang-data+json"
							},
							{
								"key": "Accept",
								"value": "application/yang-data+json"
							},
							{
								"key": "Authorization",
								"value": "Basic dmFncmFudDp2YWdyYW50"
							}
						],
						"url": {
							"raw": "https://{{host}}:{{port}}/restconf/data/Cisco-IOS-XE-native:native/interface",
							"protocol": "https",
							"host": [
								"{{host}}"
							],
							"port": "{{port}}",
							"path": [
								"restconf",
								"data",
								"Cisco-IOS-XE-native:native",
								"interface"
							]
						},
						"description": "This reads a single interface from the IOS XE box which already has been configured as a 802.1Q subinterface\nIt uses the native device model (e.g. NED, network element driver)"
					},
					"response": []
				},
				{
					"name": "Read native device single interface",
					"request": {
						"auth": {
							"type": "basic",
							"basic": [
								{
									"key": "username",
									"value": "{{username}}",
									"type": "string"
								},
								{
									"key": "password",
									"value": "{{password}}",
									"type": "string"
								},
								{
									"key": "saveHelperData",
									"value": true,
									"type": "boolean"
								},
								{
									"key": "showPassword",
									"value": false,
									"type": "boolean"
								}
							]
						},
						"method": "GET",
						"header": [
							{
								"key": "Content-Type",
								"value": "application/yang-data+json"
							},
							{
								"key": "Accept",
								"value": "application/yang-data+json"
							},
							{
								"key": "Authorization",
								"value": "Basic dmFncmFudDp2YWdyYW50"
							}
						],
						"url": {
							"raw": "https://{{host}}:{{port}}/restconf/data/Cisco-IOS-XE-native:native/interface/GigabitEthernet=2",
							"protocol": "https",
							"host": [
								"{{host}}"
							],
							"port": "{{port}}",
							"path": [
								"restconf",
								"data",
								"Cisco-IOS-XE-native:native",
								"interface",
								"GigabitEthernet=2"
							]
						},
						"description": "This reads a single interface from the IOS XE box which already has been configured as a 802.1Q subinterface\nIt uses the native device model (e.g. NED, network element driver)"
					},
					"response": []
				},
				{
					"name": "Operational State interfaces",
					"request": {
						"auth": {
							"type": "basic",
							"basic": [
								{
									"key": "username",
									"value": "{{username}}",
									"type": "string"
								},
								{
									"key": "password",
									"value": "{{password}}",
									"type": "string"
								},
								{
									"key": "saveHelperData",
									"value": true,
									"type": "boolean"
								},
								{
									"key": "showPassword",
									"value": false,
									"type": "boolean"
								}
							]
						},
						"method": "GET",
						"header": [
							{
								"key": "Content-Type",
								"value": "application/yang-data+json"
							},
							{
								"key": "Accept",
								"value": "application/yang-data+json"
							},
							{
								"key": "Authorization",
								"value": "Basic dmFncmFudDp2YWdyYW50"
							}
						],
						"url": {
							"raw": "https://{{host}}:{{port}}/restconf/data/ietf-interfaces:interfaces-state/",
							"protocol": "https",
							"host": [
								"{{host}}"
							],
							"port": "{{port}}",
							"path": [
								"restconf",
								"data",
								"ietf-interfaces:interfaces-state",
								""
							]
						}
					},
					"response": []
				},
				{
					"name": "Read native hostname",
					"request": {
						"auth": {
							"type": "basic",
							"basic": [
								{
									"key": "username",
									"value": "{{username}}",
									"type": "string"
								},
								{
									"key": "password",
									"value": "{{password}}",
									"type": "string"
								},
								{
									"key": "saveHelperData",
									"value": true,
									"type": "boolean"
								},
								{
									"key": "showPassword",
									"value": false,
									"type": "boolean"
								}
							]
						},
						"method": "GET",
						"header": [
							{
								"key": "Authorization",
								"value": "Basic cm9vdDpjaXNjbzEyMw=="
							},
							{
								"key": "Content-Type",
								"value": "application/yang-data+json"
							},
							{
								"key": "Accept",
								"value": "application/yang-data+json"
							}
						],
						"url": {
							"raw": "https://{{host}}:{{port}}/restconf/data/Cisco-IOS-XE-native:native/hostname",
							"protocol": "https",
							"host": [
								"{{host}}"
							],
							"port": "{{port}}",
							"path": [
								"restconf",
								"data",
								"Cisco-IOS-XE-native:native",
								"hostname"
							]
						}
					},
					"response": []
				},
				{
					"name": "Read ietf-routing routing-state",
					"request": {
						"auth": {
							"type": "basic",
							"basic": [
								{
									"key": "username",
									"value": "{{username}}",
									"type": "string"
								},
								{
									"key": "password",
									"value": "{{password}}",
									"type": "string"
								},
								{
									"key": "saveHelperData",
									"value": true,
									"type": "boolean"
								},
								{
									"key": "showPassword",
									"value": false,
									"type": "boolean"
								}
							]
						},
						"method": "GET",
						"header": [
							{
								"key": "Content-Type",
								"value": "application/yang-data+json"
							},
							{
								"key": "Accept",
								"value": "application/yang-data+json"
							},
							{
								"key": "Authorization",
								"value": "Basic dmFncmFudDp2YWdyYW50"
							}
						],
						"url": {
							"raw": "https://{{host}}:{{port}}/restconf/data/ietf-routing:routing-state",
							"protocol": "https",
							"host": [
								"{{host}}"
							],
							"port": "{{port}}",
							"path": [
								"restconf",
								"data",
								"ietf-routing:routing-state"
							]
						}
					},
					"response": []
				},
				{
					"name": "Read ipv4-default rib with ietf-routing",
					"request": {
						"auth": {
							"type": "basic",
							"basic": [
								{
									"key": "username",
									"value": "{{username}}",
									"type": "string"
								},
								{
									"key": "password",
									"value": "{{password}}",
									"type": "string"
								},
								{
									"key": "saveHelperData",
									"value": true,
									"type": "boolean"
								},
								{
									"key": "showPassword",
									"value": false,
									"type": "boolean"
								}
							]
						},
						"method": "GET",
						"header": [
							{
								"key": "Content-Type",
								"value": "application/yang-data+json"
							},
							{
								"key": "Accept",
								"value": "application/yang-data+json"
							},
							{
								"warning": "This is a duplicate header and will be overridden by the Authorization header generated by Postman.",
								"key": "Authorization",
								"value": "Basic dmFncmFudDp2YWdyYW50"
							}
						],
						"url": {
							"raw": "https://{{host}}:{{port}}/restconf/data/ietf-routing:routing-state/routing-instance=default/ribs/rib=ipv4-default",
							"protocol": "https",
							"host": [
								"{{host}}"
							],
							"port": "{{port}}",
							"path": [
								"restconf",
								"data",
								"ietf-routing:routing-state",
								"routing-instance=default",
								"ribs",
								"rib=ipv4-default"
							]
						}
					},
					"response": []
				},
				{
					"name": "Retrieve ietf-interfaces IPv4 for single interface",
					"protocolProfileBehavior": {
						"disableBodyPruning": true
					},
					"request": {
						"auth": {
							"type": "basic",
							"basic": [
								{
									"key": "username",
									"value": "{{username}}",
									"type": "string"
								},
								{
									"key": "password",
									"value": "{{password}}",
									"type": "string"
								},
								{
									"key": "saveHelperData",
									"value": true,
									"type": "boolean"
								},
								{
									"key": "showPassword",
									"value": false,
									"type": "boolean"
								}
							]
						},
						"method": "GET",
						"header": [
							{
								"key": "Authorization",
								"value": "Basic cm9vdDpjaXNjbzEyMw=="
							},
							{
								"key": "Accept",
								"value": "application/yang-data+json"
							},
							{
								"key": "Content-Type",
								"value": "application/yang-data+json"
							}
						],
						"body": {
							"mode": "raw",
							"raw": ""
						},
						"url": {
							"raw": "https://{{host}}:{{port}}/restconf/data/ietf-interfaces:interfaces/interface=GigabitEthernet2/ietf-ip:ipv4/address",
							"protocol": "https",
							"host": [
								"{{host}}"
							],
							"port": "{{port}}",
							"path": [
								"restconf",
								"data",
								"ietf-interfaces:interfaces",
								"interface=GigabitEthernet2",
								"ietf-ip:ipv4",
								"address"
							]
						}
					},
					"response": []
				},
				{
					"name": "Set ietf-interfaces IPv4 for single interface",
					"request": {
						"auth": {
							"type": "basic",
							"basic": [
								{
									"key": "username",
									"value": "{{username}}",
									"type": "string"
								},
								{
									"key": "password",
									"value": "{{password}}",
									"type": "string"
								},
								{
									"key": "saveHelperData",
									"value": true,
									"type": "boolean"
								},
								{
									"key": "showPassword",
									"value": false,
									"type": "boolean"
								}
							]
						},
						"method": "PUT",
						"header": [
							{
								"key": "Authorization",
								"value": "Basic cm9vdDpjaXNjbzEyMw=="
							},
							{
								"key": "Accept",
								"value": "application/yang-data+json"
							},
							{
								"key": "Content-Type",
								"value": "application/yang-data+json"
							}
						],
						"body": {
							"mode": "raw",
							"raw": "{\n    \"ietf-ip:address\": [\n        {\n            \"ip\": \"10.255.255.2\",\n            \"netmask\": \"255.255.255.0\"\n        }\n    ]\n}",
							"options": {
								"raw": {
									"language": "json"
								}
							}
						},
						"url": {
							"raw": "https://{{host}}:{{port}}/restconf/data/ietf-interfaces:interfaces/interface=GigabitEthernet2/ietf-ip:ipv4/address=10.255.255.2",
							"protocol": "https",
							"host": [
								"{{host}}"
							],
							"port": "{{port}}",
							"path": [
								"restconf",
								"data",
								"ietf-interfaces:interfaces",
								"interface=GigabitEthernet2",
								"ietf-ip:ipv4",
								"address=10.255.255.2"
							]
						}
					},
					"response": []
				},
				{
					"name": "Delete ietf-interfaces IPv4 for single interface",
					"request": {
						"auth": {
							"type": "basic",
							"basic": [
								{
									"key": "username",
									"value": "{{username}}",
									"type": "string"
								},
								{
									"key": "password",
									"value": "{{password}}",
									"type": "string"
								},
								{
									"key": "saveHelperData",
									"value": true,
									"type": "boolean"
								},
								{
									"key": "showPassword",
									"value": false,
									"type": "boolean"
								}
							]
						},
						"method": "DELETE",
						"header": [
							{
								"key": "Authorization",
								"value": "Basic cm9vdDpjaXNjbzEyMw=="
							},
							{
								"key": "Accept",
								"value": "application/yang-data+json"
							},
							{
								"key": "Content-Type",
								"value": "application/yang-data+json"
							}
						],
						"body": {
							"mode": "raw",
							"raw": "{\n    \"ietf-interfaces:interface\": {\n        \"name\": \"GigabitEthernet2\",\n        \"description\": \"Configured by RESTCONF\",\n        \"type\": \"iana-if-type:ethernetCsmacd\",\n        \"enabled\": true,\n        \"ietf-ip:ipv4\": {\n            \"address\": [\n                {\n                    \"ip\": \"10.255.255.1\",\n                    \"netmask\": \"255.255.255.0\"\n                }\n            ]\n        }\n    }\n}"
						},
						"url": {
							"raw": "https://{{host}}:{{port}}/restconf/data/ietf-interfaces:interfaces/interface=GigabitEthernet2/ietf-ip:ipv4/address=10.255.255.2",
							"protocol": "https",
							"host": [
								"{{host}}"
							],
							"port": "{{port}}",
							"path": [
								"restconf",
								"data",
								"ietf-interfaces:interfaces",
								"interface=GigabitEthernet2",
								"ietf-ip:ipv4",
								"address=10.255.255.2"
							]
						}
					},
					"response": []
				}
			]
		},
		{
			"name": "Meraki",
			"item": [
				{
					"name": "GET Organizations",
					"event": [
						{
							"listen": "test",
							"script": {
								"type": "text/javascript",
								"exec": [
									"// Store the Organization Id as Environment Variable ",
									"// Requires the name of the organization to already be ",
									"// set as an environment variable",
									"var jsonData = JSON.parse(responseBody);",
									"var orgName = pm.environment.get(\"Organization Name\");",
									"for (var i in jsonData) {",
									"    if (jsonData[i].name === orgName) {",
									"        postman.setEnvironmentVariable(\"organizationId\", ",
									"                               jsonData[i].id);",
									"    }",
									"}",
									""
								]
							}
						}
					],
					"request": {
						"method": "GET",
						"header": [
							{
								"key": "X-Cisco-Meraki-API-Key",
								"value": "{{X-Cisco-Meraki-API-Key}}"
							}
						],
						"url": {
							"raw": "https://dashboard.meraki.com/api/v0/organizations",
							"protocol": "https",
							"host": [
								"dashboard",
								"meraki",
								"com"
							],
							"path": [
								"api",
								"v0",
								"organizations"
							]
						}
					},
					"response": []
				},
				{
					"name": "GET Networks",
					"event": [
						{
							"listen": "test",
							"script": {
								"type": "text/javascript",
								"exec": [
									"// Store the Network Id as Environment Variable ",
									"// Requires the name of the Network to already be ",
									"// set as an environment variable",
									"var jsonData = JSON.parse(responseBody);",
									"var netName = pm.environment.get(\"Network Name\");",
									"for (var i in jsonData) {",
									"    if (jsonData[i].name === netName) {",
									"        postman.setEnvironmentVariable(\"networkId\", ",
									"                               jsonData[i].id);",
									"    }",
									"}",
									""
								]
							}
						}
					],
					"request": {
						"method": "GET",
						"header": [
							{
								"key": "X-Cisco-Meraki-API-Key",
								"value": "{{X-Cisco-Meraki-API-Key}}"
							}
						],
						"url": {
							"raw": "https://dashboard.meraki.com/api/v0/organizations/{{organizationId}}/networks",
							"protocol": "https",
							"host": [
								"dashboard",
								"meraki",
								"com"
							],
							"path": [
								"api",
								"v0",
								"organizations",
								"{{organizationId}}",
								"networks"
							]
						}
					},
					"response": []
				},
				{
					"name": "GET Inventory",
					"event": [
						{
							"listen": "test",
							"script": {
								"type": "text/javascript",
								"exec": [
									"// Store the Serial and Network ID of the first returned ",
									"// device as environment variables ",
									"var jsonData = JSON.parse(responseBody);",
									"postman.setEnvironmentVariable(\"networkId\", jsonData[0].networkId);",
									"postman.setEnvironmentVariable(\"serial\", jsonData[0].serial);",
									""
								]
							}
						}
					],
					"request": {
						"method": "GET",
						"header": [
							{
								"key": "X-Cisco-Meraki-API-Key",
								"value": "{{X-Cisco-Meraki-API-Key}}"
							}
						],
						"url": {
							"raw": "https://dashboard.meraki.com/api/v0/organizations/{{organizationId}}/inventory",
							"protocol": "https",
							"host": [
								"dashboard",
								"meraki",
								"com"
							],
							"path": [
								"api",
								"v0",
								"organizations",
								"{{organizationId}}",
								"inventory"
							]
						}
					},
					"response": []
				},
				{
					"name": "GET Network Details",
					"request": {
						"method": "GET",
						"header": [
							{
								"key": "X-Cisco-Meraki-API-Key",
								"value": "{{X-Cisco-Meraki-API-Key}}"
							}
						],
						"url": {
							"raw": "https://dashboard.meraki.com/api/v0/networks/{{networkId}}",
							"protocol": "https",
							"host": [
								"dashboard",
								"meraki",
								"com"
							],
							"path": [
								"api",
								"v0",
								"networks",
								"{{networkId}}"
							]
						}
					},
					"response": []
				},
				{
					"name": "GET SSIDs",
					"request": {
						"method": "GET",
						"header": [
							{
								"key": "X-Cisco-Meraki-API-Key",
								"value": "{{X-Cisco-Meraki-API-Key}}"
							}
						],
						"url": {
							"raw": "https://dashboard.meraki.com/api/v0/networks/{{networkId}}/ssids",
							"protocol": "https",
							"host": [
								"dashboard",
								"meraki",
								"com"
							],
							"path": [
								"api",
								"v0",
								"networks",
								"{{networkId}}",
								"ssids"
							]
						}
					},
					"response": []
				},
				{
					"name": "GET Device Details",
					"request": {
						"method": "GET",
						"header": [
							{
								"key": "X-Cisco-Meraki-API-Key",
								"value": "{{X-Cisco-Meraki-API-Key}}"
							}
						],
						"url": {
							"raw": "https://dashboard.meraki.com/api/v0/networks/{{networkId}}/devices/{{serial}}",
							"protocol": "https",
							"host": [
								"dashboard",
								"meraki",
								"com"
							],
							"path": [
								"api",
								"v0",
								"networks",
								"{{networkId}}",
								"devices",
								"{{serial}}"
							]
						}
					},
					"response": []
				},
				{
					"name": "GET Device Clients",
					"request": {
						"method": "GET",
						"header": [
							{
								"key": "X-Cisco-Meraki-API-Key",
								"value": "{{X-Cisco-Meraki-API-Key}}"
							}
						],
						"url": {
							"raw": "https://dashboard.meraki.com/api/v0/devices/{{serial}}/clients?timespan=86400",
							"protocol": "https",
							"host": [
								"dashboard",
								"meraki",
								"com"
							],
							"path": [
								"api",
								"v0",
								"devices",
								"{{serial}}",
								"clients"
							],
							"query": [
								{
									"key": "timespan",
									"value": "86400"
								}
							]
						}
					},
					"response": []
				}
			]
		}
	]
}