{
  "id": "73cbbfdd-93f6-a8b4-a468-b50ec4c08c38",
  "name": "Sandbox NX-OS Standalone",
  "values": [
    {
      "enabled": true,
      "key": "host",
      "value": "10.10.20.58",
      "type": "text"
    },
    {
      "enabled": true,
      "key": "username",
      "value": "admin",
      "type": "text"
    },
    {
      "enabled": true,
      "key": "password",
      "value": "Cisco123",
      "type": "text"
    }
  ],
  "timestamp": 1506371182627,
  "_postman_variable_scope": "environment",
  "_postman_exported_at": "2017-11-20T23:33:47.194Z",
  "_postman_exported_using": "Postman/5.3.2"
}