{
	"id": "0f2c6521-c8a9-51cc-c0b0-2e8520ca8130",
	"name": "Sandbox Meraki",
	"values": [
		{
			"key": "X-Cisco-Meraki-API-Key",
			"value": "6bec40cf957de430a6f1f2baa056b99a4fac9ea0",
			"enabled": true
		},
		{
			"key": "Organization Name",
			"value": "DevNet Sandbox",
			"enabled": true
		},
		{
			"key": "Network Name",
			"value": "Sandbox 1 - Galway Ireland",
			"enabled": true
		},
		{
			"key": "organizationId",
			"value": "",
			"enabled": true
		},
		{
			"key": "networkId",
			"value": "",
			"enabled": true
		},
		{
			"key": "serial",
			"value": "",
			"enabled": true
		}
	],
	"_postman_variable_scope": "environment",
	"_postman_exported_at": "2021-01-07T18:27:41.248Z",
	"_postman_exported_using": "Postman/7.36.1"
}