{
  "id": "49cb0574-0c4f-4cf7-8ce1-8208a785890e",
  "name": "DevNet ACI APIC Sandbox Always On",
  "values": [
    {
      "enabled": true,
      "key": "apic",
      "value": "sandboxapicdc.cisco.com",
      "type": "text"
    },
    {
      "enabled": true,
      "key": "username",
      "value": "admin",
      "type": "text"
    },
    {
      "enabled": true,
      "key": "password",
      "value": "ciscopsdt",
      "type": "text"
    },
    {
      "enabled": true,
      "key": "port",
      "value": "443",
      "type": "text"
    }
  ],
  "timestamp": 1506371182617,
  "_postman_variable_scope": "environment",
  "_postman_exported_at": "2017-11-20T23:16:54.897Z",
  "_postman_exported_using": "Postman/5.3.2"
}