{
	"id": "3c1e00f8-b9ba-8b45-9827-34d568ab0f98",
	"name": "Sandbox Always On Open NX-OS Programmability",
	"values": [
		{
			"key": "host",
			"value": "sbx-nxos-mgmt.cisco.com",
			"enabled": true
		},
		{
			"key": "username",
			"value": "admin",
			"enabled": true
		},
		{
			"key": "password",
			"value": "Admin_1234!",
			"enabled": true
		},
		{
			"key": "port",
			"value": "443",
			"enabled": true
		}
	],
	"_postman_variable_scope": "environment",
	"_postman_exported_at": "2019-03-26T23:47:32.576Z",
	"_postman_exported_using": "Postman/6.7.4"
}
