{
	"id": "154579bc-c45e-516a-6a0c-815699215142",
	"name": "Sandbox RESTCONF Always On",
	"values": [
		{
			"key": "host",
			"value": "ios-xe-mgmt.cisco.com",
			"type": "text",
			"enabled": true
		},
		{
			"key": "port",
			"value": "9443",
			"type": "text",
			"enabled": true
		},
		{
			"key": "username",
			"value": "developer",
			"type": "text",
			"enabled": true
		},
		{
			"key": "password",
			"value": "C1sco12345",
			"type": "text",
			"enabled": true
		}
	],
	"_postman_variable_scope": "environment",
	"_postman_exported_at": "2021-01-06T19:10:23.447Z",
	"_postman_exported_using": "Postman/7.36.1"
}